{
  "O": [
    [
      0.0,
      0.0,
      0.0,
      0.0,
      0.0,
      0.0,
      1.0
    ],
    [
      -1.8867924528301885,
      1.8867924528301885,
      0.0,
      0.0,
      0.0,
      0.0,
      -1.8867924528301885
    ],
    [
      3.559985760056959,
      -3.559985760056959,
      0.0,
      -1.8867924528301885,
      1.8867924528301885,
      0.0,
      3.559985760056959
    ],
    [
      185.18626510414973,
      6.716954264258412,
      61.69811320754715,
      70.7589401227127,
      -61.16377915429229,
      3.1446540880503138,
      -6.716954264258412
    ],
    [
      -7184.126757970038,
      -12.673498611808323,
      -2066.895200986867,
      -2097.240113263517,
      1929.3033198028324,
      -43.64822731166117,
      12.673498611808323
    ],
    [
      213283.6663861002,
      23.912261531713817,
      64015.96162906197,
      63181.27438058941,
      -59712.69570478964,
      1195.8959116054864,
      -23.912261531713817
    ],
    [
      -6426040.559965345,
      -45.11747458813927,
      -1978023.917147796,
      -1951900.1597751412,
      1843903.454550776,
      -36800.751783160056,
      45.11747458813927
    ]
  ],
  "rN": [
    7.0
  ],
  "eigSysR": [
    -1.8867924528301885,
    0.0,
    -30.881004241649357,
    -0.3965402185503166,
    -0.3965402185503166,
    -2.512347233395433,
    -2.512347233395433
  ],
  "eigSysI": [
    0.0,
    0.0,
    0.0,
    2.1621799737790495,
    -2.1621799737790495,
    9.629755279968924,
    -9.629755279968924
  ],
  "eigObsR": [
    -35.0000000082304,
    -2.550000000041168,
    -2.550000000041168,
    -2.9999994646940524,
    -2.000000714153477,
    -0.3999999056054152,
    -0.3999999056054152
  ],
  "eigObsI": [
    0.0,
    9.629999999609598,
    -9.629999999609598,
    0.0,
    0.0,
    2.169999993789264,
    -2.169999993789264
  ]
}