{
  "S": [
    [
      0.0,
      -0.01077666928005542,
      0.3838158807798955,
      -11.216123747488933,
      338.26709720527975,
      -10467.657020787485,
      324161.19341092627
    ],
    [
      0.0,
      0.3531873745383496,
      -11.077137064865829,
      343.0725944379544,
      -10600.394106724358,
      327302.40835612064,
      -10106522.981142445
    ],
    [
      0.0,
      -0.1765936872691748,
      5.582716954250208,
      -172.06578442148447,
      5315.830272806954,
      -164136.17907367466,
      5068221.387851523
    ],
    [
      -0.01077666928005542,
      0.3838158807798955,
      -11.216123747488933,
      338.26709720527975,
      -10467.657020787485,
      324161.19341092627,
      -10012852.994071335
    ],
    [
      0.3531873745383496,
      -11.077137064865829,
      343.0725944379544,
      -10600.39410672436,
      327302.40835612064,
      -10106522.981142445,
      312099675.8838784
    ],
    [
      -0.1765936872691748,
      5.582716954250208,
      -172.06578442148447,
      5315.830272806953,
      -164136.17907367466,
      5068221.387851523,
      -156511805.33054575
    ],
    [
      0.0,
      0.0,
      0.6867246109781227,
      -22.92014633325254,
      711.7148387145205,
      -21981.841589894633,
      678777.1829562315
    ]
  ],
  "rN": [
    7.0
  ],
  "eigSysR": [
    -1.8867924528301885,
    0.0,
    -30.881004241649357,
    -0.3965402185503166,
    -0.3965402185503166,
    -2.512347233395433,
    -2.512347233395433
  ],
  "eigSysI": [
    0.0,
    0.0,
    0.0,
    2.1621799737790495,
    -2.1621799737790495,
    9.629755279968924,
    -9.629755279968924
  ],
  "eigCtrlR": [
    -41.99999999868139,
    -3.600000000010355,
    -3.600000000010355,
    -2.4000000000041712,
    -0.6000000000076873,
    -0.7200000000066956,
    -0.7200000000066956
  ],
  "eigCtrlI": [
    0.0,
    10.800000000045193,
    -10.800000000045193,
    0.0,
    0.0,
    2.3999999999993573,
    -2.3999999999993573
  ]
}