{
  "T": [
    [
      0.0010433883491177435,
      0.0010520505829210904,
      0.0016139370954714575,
      1.7022208860880414e-05,
      -0.0008612967656397953,
      -0.0017236323153842006,
      0.0019559198109740127
    ],
    [
      -0.005421721578703946,
      0.003690414737686816,
      0.008471400627069879,
      0.0009568230070668833,
      0.0010520505829210956,
      0.0020457108277380166,
      -0.003690414737686816
    ],
    [
      -0.09035418349872423,
      -0.006963046674880784,
      -0.009079529582051826,
      -0.010287583087384115,
      0.003690414737686594,
      0.008008631535222186,
      0.006963046674880784
    ],
    [
      1.0331989424993098,
      0.013137823914869402,
      -0.04954690135879569,
      -0.038037345178018794,
      -0.006963046674877668,
      -0.01160485584906485,
      -0.013137823914869402
    ],
    [
      3.893517514831128,
      -0.02478834700918755,
      0.01896958480343791,
      1.2266354008904612,
      0.013137823914904256,
      -0.04858005198043147,
      0.02478834700918755
    ],
    [
      -124.80627014978705,
      0.04677046605507085,
      1.4621758468605464,
      -2.3444574693602647,
      -0.02478834700784205,
      0.09349434764019415,
      -0.04677046605507085
    ],
    [
      238.53998226458862,
      -0.08824616236805818,
      -2.797801306139718,
      -112.88368334459346,
      0.04677046598453671,
      1.3195763919068497,
      0.08824616236805818
    ]
  ],
  "etaR": [
    0.003007970393895103,
    0.006015940787790206
  ],
  "aSys": [
    5.892286707505313e-12,
    -27886.55809293343,
    -21674.439857880225,
    -10132.79202811797,
    -3976.187407508097,
    -356.76303964544707,
    -38.585571598289846
  ]
}